"model","accuracy"
NA,NA
"knn","0.796192609182531"
"knn","0.798432250839866"
"rf","0.988801791713326"
"svm","0.889137737961926"
"xgb","0.998880179171333"
